Code,Series Country
203,England
216,England
218,Australia
222,Australia
226,Australia
236,Australia
242,England
246,Australia
250,UAE
258,Australia
259,Australia
261,UAE
265,UAE
267,Australia
271,Sri Lanka
272,Sri Lanka
273,UAE
278,UAE
280,Australia
281,Australia
284,UAE
286,"India, Pakistan"
289,Australia
292,Bangladesh
293,UAE
297,UAE
303,Australia
309,UAE
310,India
313,Australia
314,New Zealand
317,UAE
322,Australia
325,India
330,UAE
333,Australia
336,"New Zealand, Australia"
342,Australia
346,UAE
348,South Africa
357,UAE
358,India
360,Australia
367,UAE
371,Sri Lanka
372,Pakistan
375,India
376,South Africa
377,Australia
379,New Zealand
383,UAE
386,UAE
390,Australia
393,India
395,Singapore
396,UAE
399,Sri Lanka
402,Kenya
403,India
405,UAE
409,Australia
410,South Africa
415,UAE
417,India
420,Sri Lanka
425,Kenya
426,Pakistan
427,Bangladesh
428,UAE
432,Australia
437,India
438,South Africa
439,UAE
441,India
442,Sri Lanka
443,England
446,Bangladesh
448,UAE
451,Australia
455,Bangladesh
456,India
457,UAE
459,England
460,Sri Lanka
461,Singapore
464,Kenya
466,UAE
471,Australia
473,South Africa
478,UAE
479,West Indies
481,Bangladesh
482,Sri Lanka
483,England
485,Singapore
487,Kenya
488,UAE
494,Australia
500,UAE
502,England
503,Zimbabwe
504,Sri Lanka
507,South Africa
508,UAE
510,Sri Lanka
511,Australia
516,UAE
521,England
523,Morocco
533,Australia
535,South Africa
536,UAE
538,Sri Lanka
542,England
546,India
552,Australia
562,England
563,Sri Lanka
565,Netherlands
568,England
569,Pakistan
577,Australia
587,Sri Lanka
589,Zimbabwe
597,Australia
610,West Indies
622,Malaysia
624,India
625,India
633,Australia
641,Bermuda
642,West Indies
653,Ireland
671,Australia
677,Bangladesh
679,Pakistan
682,Scotland
689,Canada
702,Bangladesh
728,Sri Lanka
729,South Africa
737,Bangladesh
750,Zimbabwe
752,Sri Lanka
761,Sri Lanka
779,"India, Bangladesh, Sri Lanka"
786,Scotland
801,Australia
805,Bangladesh
832,England
833,West Indies
855,Bangladesh
867,Zimbabwe
882,Australia
885,"Australia, New Zealand"
912,West Indies
930,Zimbabwe
947,Ireland
949,England
968,Bangladesh
